<?xml version="1.0" encoding="UTF-8" standalone="yes" ?>
<CodeBlocks_plugin_manifest_file>
    <SdkVersion major="1" minor="11"  release="12" />
    <Plugin name="rndgen">
        <Value title="rndgen" />
        <Value version="217.11.0.22" />
        <Value description="What the name says." />
        <Value author="" />
        <Value authorEmail="" />
        <Value authorWebsite="" />
        <Value thanksTo="" />
        <Value license="NFL" />
    </Plugin>
</CodeBlocks_plugin_manifest_file>
