<?xml version="1.0" encoding="UTF-8" standalone="yes" ?>
<CodeBlocks_plugin_manifest_file>
    <SdkVersion major="1" minor="10" release="0" />
    <Plugin name="cbKeyBinder">
        <Value title="Keyboard shortcuts" />
        <Value version="0.4.26 2006/09/23" />
        <Value description="Code::Blocks KeyBinder


NOTE: Ctrl+Alt+{UP|DOWN} is unsupported." />
        <Value author="Pecan Heber" />
        <Value authorEmail="" />
        <Value authorWebsite="" />
        <Value thanksTo="Thanks to...


Original wxKeyBinder authors:
Aleksandras Gluchovas,
Francesco Montorsi,
wxWidgets,
    and
The Code::Blocks team" />
        <Value license="GPL" />
    </Plugin>
</CodeBlocks_plugin_manifest_file>
