<?xml version="1.0" encoding="UTF-8" standalone="yes" ?>
<CodeBlocks_plugin_manifest_file>
    <SdkVersion major="1" minor="10" release="0" />
    <Plugin name="CppCheck">
        <Value title="CppCheck" />
        <Value version="1.1" />
        <Value description="A simple plugin for launching CppCheck on the current project." />
        <Value author="killerbot" />
        <Value authorEmail="killerbot@telenet.be" />
        <Value authorWebsite="" />
        <Value thanksTo="All the Code::Blocks team and the CppCheck team!" />
        <Value license="GPL" />
    </Plugin>
</CodeBlocks_plugin_manifest_file>
