<?xml version="1.0" encoding="Windows-1252" ?>
<NotepadPlus>
   <!-- The key words of the supported languages, don't touch them! -->
   <Languages>
        <Language name="c">
            <Keywords name="instre1">if else switch case default break goto return for while do continue typedef sizeof NULL</Keywords>
            <Keywords name="type1">void struct union enum char short int long double float signed unsigned const static extern auto register volatile</Keywords>
        </Language>
        <Language name="cpp">
            <Keywords name="instre1">if else switch case default break goto return for while do continue typedef sizeof NULL new delete throw try catch namespace operator this const_cast static_cast dynamic_cast reinterpreter_cast true false null</Keywords>
            <Keywords name="type1">void struct union enum char short int long double float signed unsigned const static extern auto register volatile bool class private protected public friend inline template virtual</Keywords>
            <Keywords name="type2">a addindex addtogroup anchor arg attention author b brief bug c class code date def defgroup deprecated dontinclude e em endcode endhtmlonly endif endlatexonly endlink endverbatim enum example exception f$ f[ f] file fn hideinitializer htmlinclude htmlonly if image include ingroup internal invariant interface latexonly li line link mainpage name namespace nosubgrouping note overload p page par param post preref relates remarks return retval sa section see showinitializer since skip skipline struct subsection test throw todo typedef union until var verbatim verbinclude version warning weakgroup $ @ \ &amp; &lt; &gt; # { }</Keywords>
        </Language>
        <Language name="objc">
            <Keywords name="instre1">if else switch case default break goto return for while do continue typedef sizeof NULL self super nil NIL</Keywords>
	    <Keywords name="instre2">interface implementation protocol end private protected public class selector encode defs</Keywords>
            <Keywords name="type1">void struct union enum char short int long double float signed unsigned const static extern auto register volatile id Class SEL IMP BOOL</Keywords>
	    <Keywords name="type2">oneway in out inout bycopy byref</Keywords>
        </Language>
        <Language name="java">
            <Keywords name="instre1">if else switch case default break goto return for while do continue new delete throw throws try catch finally this super extends implements import true false null</Keywords>
            <Keywords name="type1">void char short int long double float signed unsigned const static volatile byte boolean class interface native private protected public final abstract synchronized</Keywords>
        </Language>
        <Language name="rc">
            <Keywords name="instre1">ACCELERATORS ALT AUTO3STATE AUTOCHECKBOX AUTORADIOBUTTON BEGIN BITMAP BLOCK BUTTON CAPTION CHARACTERISTICS CHECKBOX CLASS COMBOBOX CONTROL CTEXT CURSOR DEFPUSHBUTTON DIALOG DIALOGEX DISCARDABLE EDITTEXT END EXSTYLE FONT GROUPBOX ICON LANGUAGE LISTBOX LTEXT MENU MENUEX MENUITEM MESSAGETABLE POPUP PUSHBUTTON RADIOBUTTON RCDATA RTEXT SCROLLBAR SEPARATOR SHIFT STATE3 STRINGTABLE STYLE TEXTINCLUDE VALUE VERSION VERSIONINFO VIRTKEY</Keywords>
        </Language>
        <Language name="html">
            <Keywords name="instre1">!doctype a abbr accept-charset accept accesskey acronym action address align alink alt applet archive area axis b background base basefont bdo bgcolor big blockquote body border br button caption cellpadding cellspacing center char charoff charset checkbox checked cite class classid clear code codebase codetype col colgroup color cols colspan compact content coords data datafld dataformatas datapagesize datasrc datetime dd declare defer del dfn dir disabled div dl dt em enctype event face fieldset file font for form frame frameborder frameset h1 h2 h3 h4 h5 h6 head headers height hidden hr href hreflang hspace html http-equiv i id iframe image img input ins isindex ismap kbd label lang language leftmargin legend li link longdesc map marginwidth marginheight maxlength media menu meta method multiple name noframes nohref noresize noscript noshade nowrap object ol onblur onchange onclick ondblclick onfocus onkeydown onkeypress onkeyup onload onmousedown onmousemove onmouseover onmouseout onmouseup optgroup option onreset onselect onsubmit onunload p param password profile pre prompt public q radio readonly rel reset rev rows rowspan rules s samp scheme scope script select selected shape size small span src standby start strike strong style sub submit summary sup tabindex table target tbody td text textarea tfoot th thead title topmargin tr tt type u ul usemap valign value valuetype var version vlink vspace width xml xmlns
            </Keywords>
        </Language>
        <Language name="javascript">
            <Keywords name="instre1">if else switch case default break goto return for in while do continue function var this new</Keywords>
        </Language>
        <Language name="php">
            <Keywords name="instre1">and or xor __file__ __line__ array as break case cfunction class const continue declare default die do echo else elseif empty enddeclare endfor endforeach endif endswitch endwhile eval exit extends for foreach function global if include include_once isset list new old_function print require require_once return static switch unset use var while __function__ __class__ php_version php_os default_include_path pear_install_dir pear_extension_dir php_extension_dir php_bindir php_libdir php_datadir php_sysconfdir php_localstatedir php_config_file_path php_output_handler_start php_output_handler_cont php_output_handler_end e_error e_warning e_parse e_notice e_core_error e_core_warning e_compile_error e_compile_warning e_user_error e_user_warning e_user_notice e_all true false bool boolean int integer float double real string array object resource null class extends parent stdclass directory __sleep __wakeup</Keywords>
        </Language>

        <Language name="sql">
            <Keywords name="instre1">ABSOLUTE ACTION ADD ADMIN AFTER AGGREGATE ALIAS ALL ALLOCATE ALTER AND ANY ARE ARRAY AS ASC ASSERTION AT AUTHORIZATION BEFORE BEGIN BINARY BIT BLOB BOOLEAN BOTH BREADTH BY CALL CASCADE CASCADED CASE CAST CATALOG CHAR CHARACTER CHECK CLASS CLOB CLOSE COLLATE COLLATION COLUMN COMMIT COMPLETION CONNECT CONNECTION CONSTRAINT CONSTRAINTS CONSTRUCTOR CONTINUE CORRESPONDING CREATE CROSS CUBE CURRENT CURRENT_DATE CURRENT_PATH CURRENT_ROLE CURRENT_TIME CURRENT_TIMESTAMP CURRENT_USER CURSOR CYCLE DATA DATE DAY DEALLOCATE DEC DECIMAL DECLARE DEFAULT DEFERRABLE DEFERRED DELETE DEPTH DEREF DESC DESCRIBE DESCRIPTOR DESTROY DESTRUCTOR DETERMINISTIC DICTIONARY DIAGNOSTICS DISCONNECT DISTINCT DOMAIN DOUBLE DROP DYNAMIC EACH ELSE END END-EXEC EQUALS ESCAPE EVERY EXCEPT EXCEPTION EXEC EXECUTE EXTERNAL FALSE FETCH FIRST FLOAT FOR FOREIGN FOUND FROM FREE FULL FUNCTION GENERAL GET GLOBAL GO GOTO GRANT GROUP GROUPING HAVING HOST HOUR IDENTITY IGNORE IMMEDIATE IN INDICATOR INITIALIZE INITIALLY INNER INOUT INPUT INSERT INT INTEGER INTERSECT INTERVAL INTO IS ISOLATION ITERATE JOIN KEY LANGUAGE LARGE LAST LATERAL LEADING LEFT LESS LEVEL LIKE LIMIT LOCAL LOCALTIME LOCALTIMESTAMP LOCATOR MAP MATCH MINUTE MODIFIES MODIFY MODULE MONTH NAMES NATIONAL NATURAL NCHAR NCLOB NEW NEXT NO NONE NOT NULL NUMERIC OBJECT OF OFF OLD ON ONLY OPEN OPERATION OPTION OR ORDER ORDINALITY OUT OUTER OUTPUT PAD PARAMETER PARAMETERS PARTIAL PATH POSTFIX PRECISION PREFIX PREORDER PREPARE PRESERVE PRIMARY PRIOR PRIVILEGES PROCEDURE PUBLIC READ READS REAL RECURSIVE REF REFERENCES REFERENCING RELATIVE RESTRICT RESULT RETURN RETURNS REVOKE RIGHT ROLE ROLLBACK ROLLUP ROUTINE ROW ROWS SAVEPOINT SCHEMA SCROLL SCOPE SEARCH SECOND SECTION SELECT SEQUENCE SESSION SESSION_USER SET SETS SIZE SMALLINT SOME SPACE SPECIFIC SPECIFICTYPE SQL SQLEXCEPTION SQLSTATE SQLWARNING START STATE STATEMENT STATIC STRUCTURE SYSTEM_USER TABLE TEMPORARY TERMINATE THAN THEN TIME TIMESTAMP TIMEZONE_HOUR TIMEZONE_MINUTE TO TRAILING TRANSACTION TRANSLATION TREAT TRIGGER TRUE UNDER UNION UNIQUE UNKNOWN UNNEST UPDATE USAGE USER USING VALUE VALUES VARCHAR VARIABLE VARYING VIEW WHEN WHENEVER WHERE WITH WITHOUT WORK WRITE YEAR ZONE</Keywords>
        </Language>
        <Language name="perl">
            <Keywords name="instre1">NULL __FILE__ __LINE__ __PACKAGE__ __DATA__ __END__ AUTOLOAD BEGIN CORE DESTROY END EQ GE GT INIT LE LT NE CHECK abs accept alarm and atan2 bind binmode bless caller chdir chmod chomp chop chown chr chroot close closedir cmp connect continue cos crypt dbmclose dbmopen defined delete die do dump each else elsif endgrent endhostent endnetent endprotoent endpwent endservent eof eq eval exec exists exit exp fcntl fileno flock for foreach fork format formline ge getc getgrent getgrgid getgrnam gethostbyaddr gethostbyname gethostent getlogin getnetbyaddr getnetbyname getnetent getpeername getpgrp getppid getpriority getprotobyname getprotobynumber getprotoent getpwent getpwnam getpwuid getservbyname getservbyport getservent getsockname getsockopt glob gmtime goto grep gt hex if index int ioctl join keys kill last lc lcfirst le length link listen local localtime lock log lstat lt m map mkdir msgctl msgget msgrcv msgsnd my ne next no not oct open opendir or ord our pack package pipe pop pos print printf prototype push q qq qr quotemeta qu qw qx rand read readdir readline readlink readpipe recv redo ref rename require reset return reverse rewinddir rindex rmdir s scalar seek seekdir select semctl semget semop send setgrent sethostent setnetent setpgrp setpriority setprotoent setpwent setservent setsockopt shift shmctl shmget shmread shmwrite shutdown sin sleep socket socketpair sort splice split sprintf sqrt srand stat study sub substr symlink syscall sysopen sysread sysseek system syswrite tell telldir tie tied time times tr truncate uc ucfirst umask undef unless unlink unpack unshift untie until use utime values vec wait waitpid wantarray warn while write x xor y</Keywords>
        </Language>
	<Language name="python">
            <Keywords name="instre1">and assert break class continue def del elif else except exec finally for from global if import in is lambda None not or pass print raise return try while yield</Keywords>
        </Language>
	<Language name="pascal">
            <Keywords name="instre1">and array asm begin case cdecl class const constructor default destructor div do downto else end end. except exit exports external far file finalization finally for function goto if implementation in index inherited initialization inline interface label library message mod near nil not object of on or out overload override packed pascal private procedure program property protected public published raise read record register repeat resourcestring safecall set shl shr stdcall stored string then threadvar to try type unit until uses var virtual while with write xor</Keywords>
        </Language>
	
        <Language name="pcom">
            <Keywords name="instre1">toto</Keywords>
        </Language>
        <Language name="macocs30">
            <Keywords name="instre1">titi</Keywords>
        </Language>
		<Language name="css">
            <Keywords name="instre1">left right top bottom position font-family font-style font-variant font-weight font-size font color background-color background-image background-repeat background-attachment background-position background word-spacing letter-spacing text-decoration vertical-align text-transform text-align text-indent line-height margin-top margin-right margin-bottom margin-left margin padding-top padding-right padding-bottom padding-left padding border-top-width border-right-width border-bottom-width border-left-width border-width border-top border-right border-bottom border-left border border-color border-style width height float clear display white-space list-style-type list-style-image list-style-position list-style</Keywords>
        </Language>
    </Languages>
</NotepadPlus>