<?xml version="1.0" encoding="Windows-1252" ?>
<NotepadPlus>
    <LexerStyles>
        <LexerType name="cpp" desc="C / C++ / Java / RC">
            <!--
		  SCE_C_UUID 8
		  SCE_C_IDENTIFIER 11
	    -->
            <WordsStyle name="PREPROCESSOR" styleID="9" fgColor="804000" bgColor="FFFFFF" fontName="" fontStyle="0" fontSize="" />
            <WordsStyle name="DEFAULT" styleID="11" fgColor="000000" bgColor="FFFFFF" fontName="" fontStyle="0" fontSize="" />
            <WordsStyle name="INSTRUCTION WORD" styleID="5" fgColor="0000FF" bgColor="FFFFFF" fontName="" fontStyle="1" fontSize="" />
            <WordsStyle name="TYPE WORD" styleID="16" fgColor="8000FF" bgColor="FFFFFF" fontName="" fontStyle="0" fontSize="" />
            <WordsStyle name="NUMBER" styleID="4" fgColor="FF8000" bgColor="FFFFFF" fontName="" fontStyle="0" fontSize="" />
            <WordsStyle name="STRING" styleID="6" fgColor="808080" bgColor="FFFFFF" fontName="" fontStyle="0" fontSize="" />
            <WordsStyle name="CHARACTER" styleID="7" fgColor="808080" bgColor="FFFFFF" fontName="" fontStyle="0" fontSize="" />
            <WordsStyle name="OPERATOR" styleID="10" fgColor="000080" bgColor="FFFFFF" fontName="" fontStyle="1" fontSize="" />
            <WordsStyle name="VERBATIM" styleID="13" fgColor="000000" bgColor="FFFFFF" fontName="" fontStyle="0" fontSize="" />
            <WordsStyle name="REGEX" styleID="14" fgColor="000000" bgColor="FFFFFF" fontName="" fontStyle="1" fontSize="" />
            <WordsStyle name="COMMENT" styleID="1" fgColor="008000" bgColor="FFFFFF" fontName="Comic Sans MS" fontStyle="0" fontSize="" />
            <WordsStyle name="COMMENT LINE" styleID="2" fgColor="008000" bgColor="FFFFFF" fontName="Comic Sans MS" fontStyle="0" fontSize="" />
            <WordsStyle name="COMMENT DOC" styleID="3" fgColor="008080" bgColor="FFFFFF" fontName="Comic Sans MS" fontStyle="0" fontSize="" />
            <WordsStyle name="COMMENT LINE DOC" styleID="15" fgColor="008080" bgColor="FFFFFF" fontName="Comic Sans MS" fontStyle="0" fontSize="" />
            <WordsStyle name="COMMENT DOC KEYWORD" styleID="17" fgColor="008080" bgColor="FFFFFF" fontName="Comic Sans MS" fontStyle="1" fontSize="" />
            <WordsStyle name="COMMENT DOC KEYWORD ERROR" styleID="18" fgColor="008080" bgColor="FFFFFF" fontName="Comic Sans MS" fontStyle="0" fontSize="" />
        </LexerType>
        <LexerType name="objc" desc="Objective C">
            <!--
		  SCE_C_UUID 8
		  SCE_C_IDENTIFIER 11
	    -->
            <WordsStyle name="DIRECTIVE" styleID="19" fgColor="A001D6" bgColor="FFFFFF" fontName="" fontStyle="1" fontSize="" />
            <WordsStyle name="DEFAULT" styleID="11" fgColor="000000" bgColor="FFFFFF" fontName="" fontStyle="0" fontSize="" />
            <WordsStyle name="QUALIFIER" styleID="20" fgColor="95004A" bgColor="FFFFFF" fontName="" fontStyle="0" fontSize="" />
            <WordsStyle name="PREPROCESSOR" styleID="9" fgColor="804000" bgColor="FFFFFF" fontName="" fontStyle="0" fontSize="" />
            <WordsStyle name="INSTRUCTION WORD" styleID="5" fgColor="0000FF" bgColor="FFFFFF" fontName="" fontStyle="1" fontSize="" />
            <WordsStyle name="TYPE WORD" styleID="16" fgColor="0080C0" bgColor="FFFFFF" fontName="" fontStyle="1" fontSize="" />
            <WordsStyle name="NUMBER" styleID="4" fgColor="FF8000" bgColor="FFFFFF" fontName="" fontStyle="0" fontSize="" />
            <WordsStyle name="STRING" styleID="6" fgColor="808080" bgColor="FFFFFF" fontName="" fontStyle="0" fontSize="" />
            <WordsStyle name="CHARACTER" styleID="7" fgColor="808080" bgColor="FFFFFF" fontName="" fontStyle="0" fontSize="" />
            <WordsStyle name="OPERATOR" styleID="10" fgColor="000080" bgColor="FFFFFF" fontName="" fontStyle="1" fontSize="" />
            <WordsStyle name="VERBATIM" styleID="13" fgColor="808080" bgColor="FFFFFF" fontName="" fontStyle="1" fontSize="" />
            <WordsStyle name="REGEX" styleID="10" fgColor="000000" bgColor="FFFFFF" fontName="" fontStyle="1" fontSize="" />
            <WordsStyle name="COMMENT" styleID="1" fgColor="008000" bgColor="FFFFFF" fontName="Comic Sans MS" fontStyle="0" fontSize="" />
            <WordsStyle name="COMMENT LINE" styleID="2" fgColor="008000" bgColor="FFFFFF" fontName="Comic Sans MS" fontStyle="0" fontSize="" />
            <WordsStyle name="COMMENT DOC" styleID="3" fgColor="008080" bgColor="FFFFFF" fontName="Comic Sans MS" fontStyle="0" fontSize="" />
            <WordsStyle name="COMMENT LINE DOC" styleID="15" fgColor="008080" bgColor="FFFFFF" fontName="Comic Sans MS" fontStyle="0" fontSize="" />
            <WordsStyle name="COMMENT DOC KEYWORD" styleID="17" fgColor="008080" bgColor="FFFFFF" fontName="Comic Sans MS" fontStyle="1" fontSize="" />
            <WordsStyle name="COMMENT DOC KEYWORD ERROR" styleID="18" fgColor="008080" bgColor="FFFFFF" fontName="Comic Sans MS" fontStyle="0" fontSize="" />
        </LexerType>
        <LexerType name="sql" desc="SQL">
            <WordsStyle name="KEYWORD" styleID="5" fgColor="0000FF" bgColor="FFFFFF" fontName="" fontStyle="1" fontSize="" />
            <WordsStyle name="NUMBER" styleID="4" fgColor="FF8000" bgColor="FFFFFF" fontName="" fontStyle="0" fontSize="" />
            <WordsStyle name="STRING" styleID="6" fgColor="808080" bgColor="FFFFFF" fontName="" fontStyle="0" fontSize="" />
            <WordsStyle name="OPERATOR" styleID="10" fgColor="000080" bgColor="FFFFFF" fontName="" fontStyle="1" fontSize="" />
            <WordsStyle name="COMMENT" styleID="1" fgColor="008000" bgColor="FFFFFF" fontName="Comic Sans MS" fontStyle="0" fontSize="" />
            <WordsStyle name="COMMENT LINE" styleID="2" fgColor="008000" bgColor="FFFFFF" fontName="Comic Sans MS" fontStyle="0" fontSize="" />
        </LexerType>
        <LexerType name="html" desc="html">
            <WordsStyle name="DEFAULT" styleID="0" fgColor="000000" bgColor="FFFFFF" fontName="" fontStyle="1" fontSize="" />
            <WordsStyle name="COMMENT" styleID="9" fgColor="008000" bgColor="FFFFFF" fontName="Comic Sans MS" fontStyle="0" fontSize="" />
            <WordsStyle name="NUMBER" styleID="5" fgColor="FF0000" bgColor="FFFFFF" fontName="" fontStyle="0" fontSize="" />
            <WordsStyle name="DOUBLESTRING" styleID="6" fgColor="8000FF" bgColor="FFFFFF" fontName="" fontStyle="1" fontSize="" />
            <WordsStyle name="SINGLESTRING" styleID="7" fgColor="8000FF" bgColor="FFFFFF" fontName="" fontStyle="1" fontSize="" />
            <WordsStyle name="TAG" styleID="1" fgColor="0000FF" bgColor="FFFFFF" fontName="" fontStyle="0" fontSize="" />
            <WordsStyle name="TAGUNKNOWN" styleID="2" fgColor="000000" bgColor="FFFFFF" fontName="" fontStyle="0" fontSize="" />
            <WordsStyle name="ATTRIBUTE" styleID="3" fgColor="FF0000" bgColor="FFFFFF" fontName="" fontStyle="0" fontSize="" />
            <WordsStyle name="ATTRIBUTEUNKNOWN" styleID="4" fgColor="000000" bgColor="FFFFFF" fontName="" fontStyle="0" fontSize="" />
            <WordsStyle name="SGMLDEFAULT" styleID="21" fgColor="000000" bgColor="A6CAF0" fontName="" fontStyle="0" fontSize="" />
            <WordsStyle name="CDATA" styleID="17" fgColor="FF8000" bgColor="FFFFFF" fontName="" fontStyle="0" fontSize="" />
            <WordsStyle name="VALUE" styleID="19" fgColor="FF8000" bgColor="FEFDE0" fontName="" fontStyle="0" fontSize="" />
        </LexerType>
        <LexerType name="php" desc="php">
            <WordsStyle name="QUESTION MARK" styleID="18" fgColor="FF0000" bgColor="FDF8E3" fontName="" fontStyle="0" fontSize="" />
            <WordsStyle name="DEFAULT" styleID="118" fgColor="000000" bgColor="FEFCF5" fontName="" fontStyle="0" fontSize="" />
            <WordsStyle name="STRING" styleID="119" fgColor="808080" bgColor="FEFCF5" fontName="" fontStyle="0" fontSize="" />
            <WordsStyle name="STRING VARIABLE" styleID="126" fgColor="808080" bgColor="FEFCF5" fontName="" fontStyle="1" fontSize="" />
            <WordsStyle name="SIMPLESTRING" styleID="120" fgColor="808080" bgColor="FEFCF5" fontName="" fontStyle="0" fontSize="" />
            <WordsStyle name="WORD" styleID="121" fgColor="0000FF" bgColor="FEFCF5" fontName="" fontStyle="1" fontSize="" />
            <WordsStyle name="NUMBER" styleID="122" fgColor="FF8000" bgColor="FEFCF5" fontName="" fontStyle="0" fontSize="" />
            <WordsStyle name="VARIABLE" styleID="123" fgColor="000080" bgColor="FEFCF5" fontName="" fontStyle="0" fontSize="" />
            <WordsStyle name="COMMENT" styleID="124" fgColor="008000" bgColor="FEFCF5" fontName="Comic Sans MS" fontStyle="0" fontSize="" />
            <WordsStyle name="COMMENTLINE" styleID="125" fgColor="008000" bgColor="FEFCF5" fontName="Comic Sans MS" fontStyle="0" fontSize="" />
            <WordsStyle name="OPERATOR" styleID="127" fgColor="8000FF" bgColor="FEFCF5" fontName="" fontStyle="0" fontSize="" />
        </LexerType>
        <LexerType name="javascript" desc="Javascript">
            <WordsStyle name="DEFAULT" styleID="41" fgColor="000000" bgColor="F2F4FF" fontName="" fontStyle="0" fontSize="" />
            <WordsStyle name="NUMBER" styleID="45" fgColor="FF0000" bgColor="F2F4FF" fontName="" fontStyle="0" fontSize="" />
            <WordsStyle name="WORD" styleID="46" fgColor="000000" bgColor="F2F4FF" fontName="" fontStyle="0" fontSize="" />
            <WordsStyle name="KEYWORD" styleID="47" fgColor="000080" bgColor="F2F4FF" fontName="" fontStyle="3" fontSize="" />
            <WordsStyle name="DOUBLESTRING" styleID="48" fgColor="808080" bgColor="F2F4FF" fontName="" fontStyle="0" fontSize="" />
            <WordsStyle name="SINGLESTRING" styleID="49" fgColor="808080" bgColor="F2F4FF" fontName="" fontStyle="0" fontSize="" />
            <WordsStyle name="SYMBOLS" styleID="50" fgColor="000000" bgColor="F2F4FF" fontName="" fontStyle="1" fontSize="" />
            <WordsStyle name="STRINGEOL" styleID="51" fgColor="808080" bgColor="F2F4FF" fontName="" fontStyle="1" fontSize="" />
            <WordsStyle name="REGEX" styleID="52" fgColor="8000FF" bgColor="F2F4FF" fontName="" fontStyle="0" fontSize="" />
            <WordsStyle name="COMMENT" styleID="42" fgColor="008000" bgColor="F2F4FF" fontName="Comic Sans MS" fontStyle="0" fontSize="" />
            <WordsStyle name="COMMENTLINE" styleID="43" fgColor="008000" bgColor="F2F4FF" fontName="Comic Sans MS" fontStyle="0" fontSize="" />
            <WordsStyle name="COMMENTDOC" styleID="44" fgColor="008080" bgColor="F2F4FF" fontName="Comic Sans MS" fontStyle="0" fontSize="" />
        </LexerType>
        <LexerType name="asp" desc="asp">
            <!--
	SCE_HBA_START 80
	-->
            <WordsStyle name="DEFAULT" styleID="81" fgColor="8000FF" bgColor="C4F9FD" fontName="" fontStyle="0" fontSize="" />
            <WordsStyle name="COMMENTLINE" styleID="82" fgColor="008000" bgColor="C4F9FD" fontName="Comic Sans MS" fontStyle="0" fontSize="" />
            <WordsStyle name="NUMBER" styleID="83" fgColor="FF0000" bgColor="C4F9FD" fontName="" fontStyle="0" fontSize="" />
            <WordsStyle name="WORD" styleID="84" fgColor="000080" bgColor="C4F9FD" fontName="" fontStyle="1" fontSize="" />
            <WordsStyle name="STRING" styleID="85" fgColor="808080" bgColor="C4F9FD" fontName="" fontStyle="0" fontSize="" />
            <WordsStyle name="STRINGEOL" styleID="87" fgColor="808080" bgColor="C4F9FD" fontName="" fontStyle="0" fontSize="" />
            <WordsStyle name="IDENTIFIER" styleID="86" fgColor="000000" bgColor="C4F9FD" fontName="" fontStyle="0" fontSize="" />
            <WordsStyle name="ASPSYBOL" styleID="15" fgColor="000000" bgColor="FFFF00" fontName="" fontStyle="1" fontSize="" />
            <WordsStyle name="SCRIPTTYPE" styleID="16" fgColor="000000" bgColor="FFC000" fontName="" fontStyle="0" fontSize="" />
        </LexerType>
        <LexerType name="xml" desc="XML">
            <WordsStyle name="XMLSTART" styleID="12" fgColor="FF0000" bgColor="FFFF00" fontName="" fontStyle="0" fontSize="" />
            <WordsStyle name="XMLEND" styleID="13" fgColor="FF0000" bgColor="FFFF00" fontName="" fontStyle="0" fontSize="" />
            <WordsStyle name="DEFAULT" styleID="0" fgColor="000000" bgColor="FFFFFF" fontName="" fontStyle="1" fontSize="" />
            <WordsStyle name="COMMENT" styleID="9" fgColor="008000" bgColor="FFFFFF" fontName="Comic Sans MS" fontStyle="0" fontSize="" />
            <WordsStyle name="NUMBER" styleID="5" fgColor="FF0000" bgColor="FFFFFF" fontName="" fontStyle="0" fontSize="" />
            <WordsStyle name="DOUBLESTRING" styleID="6" fgColor="8000FF" bgColor="FFFFFF" fontName="" fontStyle="1" fontSize="" />
            <WordsStyle name="SINGLESTRING" styleID="7" fgColor="8000FF" bgColor="FFFFFF" fontName="" fontStyle="1" fontSize="" />
            <WordsStyle name="TAG" styleID="1" fgColor="0000FF" bgColor="FFFFFF" fontName="" fontStyle="0" fontSize="" />
            <WordsStyle name="TAGUNKNOWN" styleID="2" fgColor="0000FF" bgColor="FFFFFF" fontName="" fontStyle="0" fontSize="" />
            <WordsStyle name="ATTRIBUTE" styleID="3" fgColor="FF0000" bgColor="FFFFFF" fontName="" fontStyle="0" fontSize="" />
            <WordsStyle name="ATTRIBUTEUNKNOWN" styleID="4" fgColor="FF0000" bgColor="FFFFFF" fontName="" fontStyle="0" fontSize="" />
            <WordsStyle name="SGMLDEFAULT" styleID="21" fgColor="000000" bgColor="A6CAF0" fontName="" fontStyle="0" fontSize="" />
            <WordsStyle name="CDATA" styleID="17" fgColor="FF8000" bgColor="FFFFFF" fontName="" fontStyle="0" fontSize="" />
        </LexerType>
        <LexerType name="ini" desc="M$ ini file">
            <WordsStyle name="DEFAULT" styleID="0" fgColor="000000" bgColor="FFFFFF" fontName="" fontStyle="0" fontSize="" />
            <WordsStyle name="COMMENT" styleID="1" fgColor="008000" bgColor="FFFFFF" fontName="Comic Sans MS" fontStyle="0" fontSize="" />
            <WordsStyle name="SECTION" styleID="2" fgColor="8000FF" bgColor="F2F4FF" fontName="" fontStyle="1" fontSize="" />
            <WordsStyle name="ASSIGNMENT" styleID="3" fgColor="FF0000" bgColor="FFFFFF" fontName="" fontStyle="1" fontSize="" />
            <WordsStyle name="DEFVAL" styleID="4" fgColor="FF0000" bgColor="FFFFFF" fontName="" fontStyle="0" fontSize="" />
        </LexerType>
        <LexerType name="nfo" desc="M$ Dos Style">
            <WordsStyle name="DEFAULT" styleID="32" fgColor="C0C0C0" bgColor="000000" />
        </LexerType>
        <LexerType name="makefile" desc="Makefile">
            <WordsStyle name="DEFAULT" styleID="0" fgColor="000000" bgColor="FFFFFF" fontName="" fontStyle="0" fontSize="" />
            <WordsStyle name="COMMENT" styleID="1" fgColor="008000" bgColor="FFFFFF" fontName="Comic Sans MS" fontStyle="0" fontSize="" />
            <WordsStyle name="PREPROCESSOR" styleID="2" fgColor="FFFF00" bgColor="FFFFFF" fontName="" fontStyle="1" fontSize="" />
            <WordsStyle name="IDENTIFIER" styleID="3" fgColor="0000FF" bgColor="FFFFFF" fontName="" fontStyle="0" fontSize="" />
            <WordsStyle name="OPERATOR" styleID="4" fgColor="000000" bgColor="FFFFFF" fontName="" fontStyle="1" fontSize="" />
            <WordsStyle name="TARGET" styleID="5" fgColor="FF0000" bgColor="FFFFFF" fontName="" fontStyle="0" fontSize="" />
            <WordsStyle name="IDEOL" styleID="9" fgColor="000000" bgColor="FFFFFF" fontName="" fontStyle="2" fontSize="" />
        </LexerType>
        <LexerType name="vb" desc="VB / VBS">
            <WordsStyle name="DEFAULT" styleID="7" fgColor="000000" bgColor="FFFFFF" fontName="" fontStyle="0" fontSize="" />
            <WordsStyle name="COMMENT" styleID="1" fgColor="008000" bgColor="FFFFFF" fontName="Comic Sans MS" fontStyle="0" fontSize="" />
            <WordsStyle name="NUMBER" styleID="2" fgColor="FF0000" bgColor="FFFFFF" fontName="" fontStyle="1" fontSize="" />
            <WordsStyle name="WORD" styleID="3" fgColor="0000FF" bgColor="FFFFFF" fontName="" fontStyle="0" fontSize="" />
            <WordsStyle name="STRING" styleID="4" fgColor="808080" bgColor="FFFFFF" fontName="" fontStyle="0" fontSize="" />
            <WordsStyle name="PREPROCESSOR" styleID="5" fgColor="FF0000" bgColor="FFFFFF" fontName="" fontStyle="0" fontSize="" />
            <WordsStyle name="OPERATOR" styleID="6" fgColor="000000" bgColor="FFFFFF" fontName="" fontStyle="1" fontSize="" />
            <WordsStyle name="DATE" styleID="8" fgColor="00FF00" bgColor="FFFFFF" fontName="" fontStyle="0" fontSize="" />
        </LexerType>
        <LexerType name="css" desc="CSS">
            <WordsStyle name="DEFAULT" styleID="0" fgColor="000000" bgColor="FFFFFF" fontName="" fontStyle="0" fontSize="" />
            <WordsStyle name="TAG" styleID="1" fgColor="0000FF" bgColor="FFFFFF" fontName="Batang" fontStyle="0" fontSize="" />
            <WordsStyle name="CLASS" styleID="2" fgColor="FF0000" bgColor="FFFFFF" fontName="" fontStyle="0" fontSize="" />
            <WordsStyle name="PSEUDOCLASS" styleID="3" fgColor="FF8000" bgColor="FFFFFF" fontName="" fontStyle="1" fontSize="" />
            <WordsStyle name="UNKNOWN_PSEUDOCLASS" styleID="4" fgColor="FF8080" bgColor="FFFFFF" fontName="" fontStyle="0" fontSize="" />
            <WordsStyle name="OPERATOR" styleID="5" fgColor="000000" bgColor="FFFFFF" fontName="" fontStyle="1" fontSize="" />
            <WordsStyle name="IDENTIFIER" styleID="6" fgColor="80FFFF" bgColor="FFFFFF" fontName="" fontStyle="1" fontSize="" />
            <WordsStyle name="UNKNOWN_IDENTIFIER" styleID="7" fgColor="000000" bgColor="FFFFFF" fontName="" fontStyle="0" fontSize="" />
            <WordsStyle name="VALUE" styleID="8" fgColor="000000" bgColor="FFFFFF" fontName="" fontStyle="1" fontSize="" />
            <WordsStyle name="COMMENT" styleID="9" fgColor="008000" bgColor="FFFFFF" fontName="Comic Sans MS" fontStyle="0" fontSize="" />
            <WordsStyle name="ID" styleID="10" fgColor="0080FF" bgColor="FFFFFF" fontName="" fontStyle="1" fontSize="" />
            <WordsStyle name="IMPORTANT" styleID="11" fgColor="FF0000" bgColor="FFFFFF" fontName="" fontStyle="1" fontSize="" />
            <WordsStyle name="DIRECTIVE" styleID="12" fgColor="0080FF" bgColor="FFFFFF" fontName="" fontStyle="0" fontSize="" />
        </LexerType>
        <LexerType name="pascal" desc="Pascal">
	    <WordsStyle name="DEFAULT" styleID="0" fgColor="808080" bgColor="FFFFFF" fontName="" fontStyle="0" fontSize="" />
            <WordsStyle name="PREPROCESSOR" styleID="9" fgColor="804000" bgColor="FFFFFF" fontName="" fontStyle="0" fontSize="" />
            <WordsStyle name="IDENTIFIER" styleID="11" fgColor="000000" bgColor="FFFFFF" fontName="" fontStyle="0" fontSize="" />
            <WordsStyle name="INSTRUCTION WORD" styleID="5" fgColor="0000FF" bgColor="FFFFFF" fontName="" fontStyle="1" fontSize="" />
            <WordsStyle name="NUMBER" styleID="4" fgColor="FF8000" bgColor="FFFFFF" fontName="" fontStyle="0" fontSize="" />
            <WordsStyle name="CHARACTER" styleID="7" fgColor="808080" bgColor="FFFFFF" fontName="" fontStyle="0" fontSize="" />
            <WordsStyle name="OPERATOR" styleID="10" fgColor="000080" bgColor="FFFFFF" fontName="" fontStyle="1" fontSize="" />
            <WordsStyle name="REGEX" styleID="14" fgColor="000000" bgColor="FFFFFF" fontName="" fontStyle="1" fontSize="" />
            <WordsStyle name="COMMENT" styleID="1" fgColor="008000" bgColor="FFFFFF" fontName="Comic Sans MS" fontStyle="0" fontSize="" />
            <WordsStyle name="COMMENT LINE" styleID="2" fgColor="008000" bgColor="FFFFFF" fontName="Comic Sans MS" fontStyle="0" fontSize="" />
            <WordsStyle name="COMMENT DOC" styleID="3" fgColor="008080" bgColor="FFFFFF" fontName="Comic Sans MS" fontStyle="0" fontSize="" />
        </LexerType>
        <LexerType name="perl" desc="Perl">
            <!--
		#define SCE_PL_IDENTIFIER 11
		#define SCE_PL_ 20
		#define SCE_PL_HERE_DELIM 22
		#define SCE_PL_HERE_Q 23
		#define SCE_PL_HERE_QQ 24
		#define SCE_PL_HERE_QX 25
		#define SCE_PL_STRING_Q 26
		#define SCE_PL_STRING_QQ 27
		#define SCE_PL_STRING_QX 28
		#define SCE_PL_STRING_QR 29
		#define SCE_PL_STRING_QW 30
	-->
            <WordsStyle name="PREPROCESSOR" styleID="9" fgColor="804000" bgColor="FFFFFF" fontName="" fontStyle="0" fontSize="" />
            <WordsStyle name="DEFAULT" styleID="0" fgColor="FF0000" bgColor="FFFFFF" fontName="" fontStyle="0" fontSize="" />
            <WordsStyle name="INSTRUCTION WORD" styleID="5" fgColor="0000FF" bgColor="FFFFFF" fontName="" fontStyle="1" fontSize="" />
            <WordsStyle name="NUMBER" styleID="4" fgColor="FF0000" bgColor="FFFFFF" fontName="" fontStyle="0" fontSize="" />
            <WordsStyle name="STRING" styleID="6" fgColor="808080" bgColor="FFFFFF" fontName="" fontStyle="0" fontSize="" />
            <WordsStyle name="CHARACTER" styleID="7" fgColor="808080" bgColor="FFFFFF" fontName="" fontStyle="0" fontSize="" />
            <WordsStyle name="OPERATOR" styleID="10" fgColor="000080" bgColor="FFFFFF" fontName="" fontStyle="1" fontSize="" />
            <WordsStyle name="REGEX" styleID="17" fgColor="8080FF" bgColor="F8FEDE" fontName="" fontStyle="0" fontSize="" />
            <WordsStyle name="COMMENT LINE" styleID="2" fgColor="008000" bgColor="FFFFFF" fontName="Comic Sans MS" fontStyle="0" fontSize="" />
            <WordsStyle name="SCALAR" styleID="12" fgColor="FF8000" bgColor="FFFFFF" fontName="" fontStyle="0" fontSize="" />
            <WordsStyle name="ARRAY" styleID="13" fgColor="CF34CF" bgColor="FFFFFF" fontName="" fontStyle="0" fontSize="" />
            <WordsStyle name="HASH" styleID="14" fgColor="8080C0" bgColor="FFFFFF" fontName="" fontStyle="0" fontSize="" />
            <WordsStyle name="SYMBOL TABLE" styleID="15" fgColor="FF0000" bgColor="FFFFFF" fontName="Comic Sans MS" fontStyle="1" fontSize="" />
            <WordsStyle name="PUNCTUATION" styleID="8" fgColor="804000" bgColor="FFFFFF" fontName="" fontStyle="0" fontSize="" />
            <WordsStyle name="POD" styleID="3" fgColor="000000" bgColor="FFFFFF" fontName="" fontStyle="0" fontSize="" />
            <WordsStyle name="ERROR" styleID="1" fgColor="FF80C0" bgColor="FFFFFF" fontName="" fontStyle="3" fontSize="" />
            <WordsStyle name="LONGQUOTE" styleID="19" fgColor="FF8000" bgColor="FFFFFF" fontName="" fontStyle="0" fontSize="" />
            <WordsStyle name="DATASECTION" styleID="21" fgColor="808080" bgColor="FFFFFF" fontName="" fontStyle="0" fontSize="" />
            <WordsStyle name="REGSUBST" styleID="18" fgColor="8080C0" bgColor="FFEEEC" fontName="" fontStyle="0" fontSize="" />
            <WordsStyle name="BACKTICKS" styleID="20" fgColor="FFFF00" bgColor="FFFFFF" fontName="" fontStyle="1" fontSize="" />
        </LexerType>
        <LexerType name="python" desc="Python">
            <WordsStyle name="DEFAULT" styleID="0" fgColor="000000" bgColor="FFFFFF" fontName="" fontStyle="0" fontSize="" />
            <WordsStyle name="COMMENTLINE" styleID="1" fgColor="008000" bgColor="FFFFFF" fontName="Comic Sans MS" fontStyle="0" fontSize="" />
            <WordsStyle name="NUMBER" styleID="2" fgColor="FF0000" bgColor="FFFFFF" fontName="" fontStyle="0" fontSize="" />
            <WordsStyle name="STRING" styleID="3" fgColor="808080" bgColor="FFFFFF" fontName="" fontStyle="0" fontSize="" />
            <WordsStyle name="CHARACTER" styleID="4" fgColor="808080" bgColor="FFFFFF" fontName="" fontStyle="0" fontSize="" />
            <WordsStyle name="KEYWORDS" styleID="5" fgColor="0000FF" bgColor="FFFFFF" fontName="" fontStyle="1" fontSize="" />
            <WordsStyle name="TRIPLE" styleID="6" fgColor="80FFFF" bgColor="FFFFFF" fontName="" fontStyle="1" fontSize="" />
            <WordsStyle name="TRIPLEDOUBLE" styleID="7" fgColor="000000" bgColor="FFFFFF" fontName="" fontStyle="0" fontSize="" />
            <WordsStyle name="CLASSNAME" styleID="8" fgColor="000000" bgColor="FFFFFF" fontName="" fontStyle="1" fontSize="" />
            <WordsStyle name="DEFNAME" styleID="9" fgColor="FF00FF" bgColor="FFFFFF" fontName="" fontStyle="0" fontSize="" />
            <WordsStyle name="OPERATOR" styleID="10" fgColor="000080" bgColor="FFFFFF" fontName="" fontStyle="1" fontSize="" />
            <WordsStyle name="IDENTIFIER" styleID="11" fgColor="000000" bgColor="FFFFFF" fontName="" fontStyle="0" fontSize="" />
            <WordsStyle name="COMMENTBLOCK" styleID="12" fgColor="008000" bgColor="FFFFFF" fontName="Comic Sans MS" fontStyle="0" fontSize="" />
            <WordsStyle name="STRINGEOL" styleID="12" fgColor="FFFF00" bgColor="FFFFFF" fontName="" fontStyle="0" fontSize="" />
        </LexerType>
    </LexerStyles>
    <GlobalStyles>
        <WidgetStyle name="Style Default" styleID="32" fgColor="000000" bgColor="FFFFFF" fontName="Verdana" fontStyle="0" fontSize="9" />
        <WidgetStyle name="Indent guideline style" styleID="37" fgColor="C0C0C0" bgColor="FFFFFF" fontName="" fontStyle="0" fontSize="" />
        <WidgetStyle name="Brace highlight style" styleID="34" fgColor="FF0000" bgColor="FFFFFF" fontName="" fontStyle="1" fontSize="11" />
        <WidgetStyle name="Bad brace colour" styleID="35" fgColor="800000" bgColor="FFFFFF" fontName="" fontStyle="0" fontSize="" />
        <WidgetStyle name="Current line background colour" styleID="0" bgColor="FEF8D6" />
        <WidgetStyle name="Mark colour" styleID="0" fgColor="C00000" bgColor="FFFF00" />
        <WidgetStyle name="Selected text colour" styleID="0" fgColor="FFFF00" bgColor="808080" />
        <WidgetStyle name="Caret colour" styleID="2069" fgColor="8000FF" />
    </GlobalStyles>
</NotepadPlus>
