<NotepadPlus>
    <Macros>
        <Macro name="Trim Trailing &amp; save" Ctrl="no" Alt="yes" Shift="yes" Key="83">
            <Action type="1" message="2170" wParam="0" lParam="0" sParam=" " />
            <Action type="1" message="2170" wParam="0" lParam="0" sParam=" " />
            <Action type="1" message="2170" wParam="0" lParam="0" sParam=" " />
            <Action type="0" message="2327" wParam="0" lParam="0" sParam="" />
            <Action type="0" message="2327" wParam="0" lParam="0" sParam="" />
            <Action type="2" message="0" wParam="42024" lParam="0" sParam="" />
            <Action type="2" message="0" wParam="41006" lParam="0" sParam="" />
        </Macro>
    </Macros>
    <UserDefinedCommands>
        <Command name="launch in Firefox" Ctrl="yes" Alt="yes" Shift="yes" Key="88">firefox "$(FULL_CURRENT_PATH)"</Command>
        <Command name="launch in IE" Ctrl="yes" Alt="yes" Shift="yes" Key="73">iexplore "$(FULL_CURRENT_PATH)"</Command>
    </UserDefinedCommands>
</NotepadPlus>
