<?xml version="1.0" encoding="UTF-8" standalone="yes" ?>
<CodeBlocks_plugin_manifest_file>
    <SdkVersion major="1" minor="11"  release="0" />
    <Plugin name="RegExTestbed">
        <Value title="Regular expressions testbed" />
        <Value version="0.1" />
        <Value description="A testbed for regular expressions." />
        <Value author="Yiannis Mandravellos" />
        <Value authorEmail="mandrav@codeblocks.org" />
        <Value authorWebsite="www.codeblocks.org" />
        <Value thanksTo="" />
        <Value license="GPL" />
    </Plugin>
</CodeBlocks_plugin_manifest_file>
