<?xml version="1.0" encoding="UTF-8" standalone="yes" ?>
<CodeBlocks_plugin_manifest_file>
    <SdkVersion major="1" minor="10" release="0" />
    <Plugin name="wxSmith">
        <Value title="wxSmith" />
        <Value version="1.0" />
        <Value description="RAD tool used to create wxWidgets forms" />
        <Value author="BYO" />
        <Value authorEmail="byo.spoon@gmail.com" />
        <Value authorWebsite="" />
        <Value thanksTo="Ann for Being
Gigi for Faworki

God for Love

Jaakko Salli for wxPropertyGrid" />
        <Value license="GPL" />
    </Plugin>
    <Plugin name="wxSmithMime">
        <Value title="wxSmith - MIME plugin" />
        <Value version="1.0" />
        <Value description="Mime extension for wxSmith" />
        <Value author="BYO" />
        <Value authorEmail="byo.spoon@gmail.com" />
        <Value authorWebsite="" />
        <Value thanksTo="" />
        <Value license="GPL" />
    </Plugin>
</CodeBlocks_plugin_manifest_file>
