<?xml version="1.0" encoding="Windows-1252" ?>
<NotepadPlus>
   <!-- The key words of the supported languages, don't touch them! -->
   <Languages>
        <Language name="c">
            <Keywords name="instre1">if else switch case default break goto return for while do continue typedef sizeof NULL</Keywords>
            <Keywords name="type1">void struct union enum char short int long double float signed unsigned const static extern auto register volatile</Keywords>
        </Language>
        <Language name="cpp">
            <Keywords name="instre1">if else switch case default break goto return for while do continue typedef sizeof NULL new delete throw try catch namespace operator this const_cast static_cast dynamic_cast reinterpreter_cast true false null</Keywords>
            <Keywords name="type1">void struct union enum char short int long double float signed unsigned const static extern auto register volatile bool class private protected public friend inline template virtual</Keywords>
            <Keywords name="type2">a addindex addtogroup anchor arg attention author b brief bug c class code date def defgroup deprecated dontinclude e em endcode endhtmlonly endif endlatexonly endlink endverbatim enum example exception f$ f[ f] file fn hideinitializer htmlinclude htmlonly if image include ingroup internal invariant interface latexonly li line link mainpage name namespace nosubgrouping note overload p page par param post preref relates remarks return retval sa section see showinitializer since skip skipline struct subsection test throw todo typedef union until var verbatim verbinclude version warning weakgroup $ @ \ &amp; &lt; &gt; # { }</Keywords>
        </Language>
        <Language name="objc">
            <Keywords name="instre1">if else switch case default break goto return for while do continue typedef sizeof NULL self super nil NIL</Keywords>
	    <Keywords name="instre2">interface implementation protocol end private protected public class selector encode defs</Keywords>
            <Keywords name="type1">void struct union enum char short int long double float signed unsigned const static extern auto register volatile id Class SEL IMP BOOL</Keywords>
	    <Keywords name="type2">oneway in out inout bycopy byref</Keywords>
        </Language>
        <Language name="java">
            <Keywords name="instre1">if else switch case default break goto return for while do continue new delete throw throws try catch finally this super extends implements import true false null</Keywords>
            <Keywords name="type1">void char short int long double float signed unsigned const static volatile byte boolean class interface native private protected public final abstract synchronized</Keywords>
        </Language>
        <Language name="rc">
            <Keywords name="instre1">ACCELERATORS ALT AUTO3STATE AUTOCHECKBOX AUTORADIOBUTTON BEGIN BITMAP BLOCK BUTTON CAPTION CHARACTERISTICS CHECKBOX CLASS COMBOBOX CONTROL CTEXT CURSOR DEFPUSHBUTTON DIALOG DIALOGEX DISCARDABLE EDITTEXT END EXSTYLE FONT GROUPBOX ICON LANGUAGE LISTBOX LTEXT MENU MENUEX MENUITEM MESSAGETABLE POPUP PUSHBUTTON RADIOBUTTON RCDATA RTEXT SCROLLBAR SEPARATOR SHIFT STATE3 STRINGTABLE STYLE TEXTINCLUDE VALUE VERSION VERSIONINFO VIRTKEY</Keywords>
        </Language>
        <Language name="html">
            <Keywords name="instre1">a abbr acronym address applet area b base basefont bdo big blockquote body br button caption center cite code col colgroup dd del dfn dir div dl dt em fieldset font form frame frameset h1 h2 h3 h4 h5 h6 head hr html i iframe img input ins isindex kbd label legend li link map menu meta noframes noscript object ol optgroup option p param pre q s samp script select small span strike strong style sub sup table tbody td textarea tfoot th thead title tr tt u ul var xml xmlns accept-charset accept accesskey action align alink alt archive axis background bgcolor border cellpadding cellspacing char charoff charset checked cite class classid clear codebase codetype color cols colspan compact content coords data datafld dataformatas datapagesize datasrc datetime declare defer dir disabled enctype event face for frame frameborder headers height href hreflang hspace http-equiv id ismap label lang language leftmargin link longdesc marginwidth marginheight maxlength media method multiple name nohref noresize noshade nowrap object onblur onchange onclick ondblclick onfocus onkeydown onkeypress onkeyup onload onmousedown onmousemove onmouseover onmouseout onmouseup onreset onselect onsubmit onunload profile prompt readonly rel rev rows rowspan rules scheme scope selected shape size span src standby start style summary tabindex target text title topmargin type usemap valign value valuetype version vlink vspace width text password checkbox radio submit reset file hidden image public !doctype</Keywords>
        </Language>
        <Language name="javascript">
            <Keywords name="instre1">if else switch case default break goto return for while do continue function var</Keywords>
        </Language>
        <Language name="php">
            <Keywords name="instre1">and argv as argc break case cfunction class continue declare default do die echo else elseif empty enddeclare endfor endforeach endif endswitch endwhile e_all e_parse e_error e_warning eval exit extends false for foreach function global http_cookie_vars http_get_vars http_post_vars http_post_files http_env_vars http_server_vars if include include_once list new not null old_function or parent php_os php_self php_version print require require_once return static switch stdclass this true var xor virtual while __file__ __line__ __sleep __wakeup</Keywords>
        </Language>
        <Language name="vb">
            <Keywords name="instre1">and begin case call continue do each else elseif end erase error event exit false for function get gosub goto if implement in load loop lset me mid new next not nothing on or property raiseevent rem resume return rset select set stop sub then to true unload until wend while with withevents attribute alias as boolean byref byte byval const compare currency date declare dim double enum explicit friend global integer let lib long module object option optional preserve private property public redim single static string type variant</Keywords>
        </Language>
        <Language name="sql">
            <Keywords name="instre1">ABSOLUTE ACTION ADD ADMIN AFTER AGGREGATE ALIAS ALL ALLOCATE ALTER AND ANY ARE ARRAY AS ASC ASSERTION AT AUTHORIZATION BEFORE BEGIN BINARY BIT BLOB BOOLEAN BOTH BREADTH BY CALL CASCADE CASCADED CASE CAST CATALOG CHAR CHARACTER CHECK CLASS CLOB CLOSE COLLATE COLLATION COLUMN COMMIT COMPLETION CONNECT CONNECTION CONSTRAINT CONSTRAINTS CONSTRUCTOR CONTINUE CORRESPONDING CREATE CROSS CUBE CURRENT CURRENT_DATE CURRENT_PATH CURRENT_ROLE CURRENT_TIME CURRENT_TIMESTAMP CURRENT_USER CURSOR CYCLE DATA DATE DAY DEALLOCATE DEC DECIMAL DECLARE DEFAULT DEFERRABLE DEFERRED DELETE DEPTH DEREF DESC DESCRIBE DESCRIPTOR DESTROY DESTRUCTOR DETERMINISTIC DICTIONARY DIAGNOSTICS DISCONNECT DISTINCT DOMAIN DOUBLE DROP DYNAMIC EACH ELSE END END-EXEC EQUALS ESCAPE EVERY EXCEPT EXCEPTION EXEC EXECUTE EXTERNAL FALSE FETCH FIRST FLOAT FOR FOREIGN FOUND FROM FREE FULL FUNCTION GENERAL GET GLOBAL GO GOTO GRANT GROUP GROUPING HAVING HOST HOUR IDENTITY IGNORE IMMEDIATE IN INDICATOR INITIALIZE INITIALLY INNER INOUT INPUT INSERT INT INTEGER INTERSECT INTERVAL INTO IS ISOLATION ITERATE JOIN KEY LANGUAGE LARGE LAST LATERAL LEADING LEFT LESS LEVEL LIKE LIMIT LOCAL LOCALTIME LOCALTIMESTAMP LOCATOR MAP MATCH MINUTE MODIFIES MODIFY MODULE MONTH NAMES NATIONAL NATURAL NCHAR NCLOB NEW NEXT NO NONE NOT NULL NUMERIC OBJECT OF OFF OLD ON ONLY OPEN OPERATION OPTION OR ORDER ORDINALITY OUT OUTER OUTPUT PAD PARAMETER PARAMETERS PARTIAL PATH POSTFIX PRECISION PREFIX PREORDER PREPARE PRESERVE PRIMARY PRIOR PRIVILEGES PROCEDURE PUBLIC READ READS REAL RECURSIVE REF REFERENCES REFERENCING RELATIVE RESTRICT RESULT RETURN RETURNS REVOKE RIGHT ROLE ROLLBACK ROLLUP ROUTINE ROW ROWS SAVEPOINT SCHEMA SCROLL SCOPE SEARCH SECOND SECTION SELECT SEQUENCE SESSION SESSION_USER SET SETS SIZE SMALLINT SOME SPACE SPECIFIC SPECIFICTYPE SQL SQLEXCEPTION SQLSTATE SQLWARNING START STATE STATEMENT STATIC STRUCTURE SYSTEM_USER TABLE TEMPORARY TERMINATE THAN THEN TIME TIMESTAMP TIMEZONE_HOUR TIMEZONE_MINUTE TO TRAILING TRANSACTION TRANSLATION TREAT TRIGGER TRUE UNDER UNION UNIQUE UNKNOWN UNNEST UPDATE USAGE USER USING VALUE VALUES VARCHAR VARIABLE VARYING VIEW WHEN WHENEVER WHERE WITH WITHOUT WORK WRITE YEAR ZONE</Keywords>
        </Language>
        <Language name="pcom">
            <Keywords name="instre1">toto</Keywords>
        </Language>
        <Language name="macocs30">
            <Keywords name="instre1">titi</Keywords>
        </Language>
    </Languages>
</NotepadPlus>