<?xml version="1.0" encoding="Windows-1252" ?>
<NotepadPlus>
   <!-- The key words of the supported languages, don't touch them! -->
   <Languages>
        <Language name="c"  ext="c">
            <Keywords name="instre1">if else switch case default break goto return for while do continue typedef sizeof NULL</Keywords>
            <Keywords name="type1">void struct union enum char short int long double float signed unsigned const static extern auto register volatile</Keywords>
        </Language>

        <Language name="cpp" ext="h hpp hxx cpp cxx cc">
            <Keywords name="instre1">if else switch case default break goto return for while do continue typedef sizeof NULL new delete throw try catch namespace operator this const_cast static_cast dynamic_cast reinterpreter_cast true false null</Keywords>
            <Keywords name="type1">void struct union enum char short int long double float signed unsigned const static extern auto register volatile bool class private protected public friend inline template virtual</Keywords>
            <Keywords name="type2">a addindex addtogroup anchor arg attention author b brief bug c class code date def defgroup deprecated dontinclude e em endcode endhtmlonly endif endlatexonly endlink endverbatim enum example exception f$ f[ f] file fn hideinitializer htmlinclude htmlonly if image include ingroup internal invariant interface latexonly li line link mainpage name namespace nosubgrouping note overload p page par param post preref relates remarks return retval sa section see showinitializer since skip skipline struct subsection test throw todo typedef union until var verbatim verbinclude version warning weakgroup $ @ \ &amp; &lt; &gt; # { }</Keywords>
        </Language>

        <Language name="java" ext="java">
            <Keywords name="instre1">if else switch case default break goto return for while do continue new delete throw throws try catch finally this super extends implements import true false null</Keywords>
            <Keywords name="type1">void char short int long double float signed unsigned const static volatile byte boolean class interface native private protected public final abstract synchronized</Keywords>
        </Language>

		<Language name="rc" ext="rc">
            <Keywords name="instre1">ACCELERATORS ALT AUTO3STATE AUTOCHECKBOX AUTORADIOBUTTON BEGIN BITMAP BLOCK BUTTON CAPTION CHARACTERISTICS CHECKBOX CLASS COMBOBOX CONTROL CTEXT CURSOR DEFPUSHBUTTON DIALOG DIALOGEX DISCARDABLE EDITTEXT END EXSTYLE FONT GROUPBOX ICON LANGUAGE LISTBOX LTEXT MENU MENUEX MENUITEM MESSAGETABLE POPUP PUSHBUTTON RADIOBUTTON RCDATA RTEXT SCROLLBAR SEPARATOR SHIFT STATE3 STRINGTABLE STYLE TEXTINCLUDE VALUE VERSION VERSIONINFO VIRTKEY</Keywords>
        </Language>

        <Language name="cs" ext="cs">
            <Keywords name="instre1">abstract as base break case catch checked continue default delegate do else event explicit extern false finally fixed for foreach goto if implicit in interface internal is lock namespace new null object operator out override params private protected public readonly ref return sealed sizeof stackalloc switch this throw true try typeof unchecked unsafe using virtual while</Keywords>
            <Keywords name="type1">bool byte char class const decimal double enum float int long sbyte short static string struct uint ulong ushort void</Keywords>
        </Language>

        <Language name="objc" ext="m">
            <Keywords name="instre1">if else switch case default break goto return for while do continue typedef sizeof NULL self super nil NIL</Keywords>
			<Keywords name="instre2">interface implementation protocol end private protected public class selector encode defs</Keywords>
            <Keywords name="type1">void struct union enum char short int long double float signed unsigned const static extern auto register volatile id Class SEL IMP BOOL</Keywords>
	        <Keywords name="type2">oneway in out inout bycopy byref</Keywords>
        </Language>

        <Language name="html" ext="html htm">
            <Keywords name="instre1">!doctype a abbr accept-charset accept accesskey acronym action address align alink alt applet archive area axis b background base basefont bdo bgcolor big blockquote body border br button caption cellpadding cellspacing center char charoff charset checkbox checked cite class classid clear code codebase codetype col colgroup color cols colspan compact content coords data datafld dataformatas datapagesize datasrc datetime dd declare defer del dfn dir disabled div dl dt em enctype event face fieldset file font for form frame frameborder frameset h1 h2 h3 h4 h5 h6 head headers height hidden hr href hreflang hspace html http-equiv i id iframe image img input ins isindex ismap kbd label lang language leftmargin legend li link longdesc map marginwidth marginheight maxlength media menu meta method multiple name noframes nohref noresize noscript noshade nowrap object ol onblur onchange onclick ondblclick onfocus onkeydown onkeypress onkeyup onload onmousedown onmousemove onmouseover onmouseout onmouseup optgroup option onreset onselect onsubmit onunload p param password profile pre prompt public q radio readonly rel reset rev rows rowspan rules s samp scheme scope script select selected shape size small span src standby start strike strong style sub submit summary sup tabindex table target tbody td text textarea tfoot th thead title topmargin tr tt type u ul usemap valign value valuetype var version vlink vspace width xml xmlns</Keywords>
        </Language>

        <Language name="javascript" ext="js">
            <Keywords name="instre1">abstract boolean break byte case catch char class const continue debugger default delete do double else enum export extends final finally float for function goto if implements import in instanceof int interface long native new package private protected public return short static super switch synchronized this throw throws transient try typeof var void volatile while with</Keywords>
        </Language>

        <Language name="php" ext="php phtml">
            <Keywords name="instre1">and or xor __file__ __line__ array as break case cfunction class const continue declare default die do echo else elseif empty enddeclare endfor endforeach endif endswitch endwhile eval exit extends for foreach function global if include include_once isset list new old_function print require require_once return static switch unset use var while __function__ __class__ php_version php_os default_include_path pear_install_dir pear_extension_dir php_extension_dir php_bindir php_libdir php_datadir php_sysconfdir php_localstatedir php_config_file_path php_output_handler_start php_output_handler_cont php_output_handler_end e_error e_warning e_parse e_notice e_core_error e_core_warning e_compile_error e_compile_warning e_user_error e_user_warning e_user_notice e_all true false bool boolean int integer float double real string array object resource null class extends parent stdclass directory __sleep __wakeup</Keywords>
        </Language>

        <Language name="vb" ext="vb vbs">
            <Keywords name="instre1">addhandler addressof andalso alias and ansi as assembly attribute auto begin boolean byref byte byval call case catch cbool cbyte cchar cdate cdec cdbl char cint class clng cobj compare const continue cshort csng cstr ctype currency date decimal declare default delegate dim do double each else elseif end enum erase error event exit explicit false finally for friend function get gettype global gosub goto handles if implement implements imports in inherits integer interface is let lib like load long loop lset me mid mod module mustinherit mustoverride mybase myclass namespace new next not nothing notinheritable notoverridable object on option optional or orelse overloads overridable overrides paramarray preserve private property protected public raiseevent readonly redim rem removehandler rset resume return select set shadows shared short single static step stop string structure sub synclock then throw to true try type typeof unload unicode until variant wend when while with withevents writeonly xor</Keywords>
        </Language>

        <Language name="sql" ext="sql">
            <Keywords name="instre1">ABSOLUTE ACTION ADD ADMIN AFTER AGGREGATE ALIAS ALL ALLOCATE ALTER AND ANY ARE ARRAY AS ASC ASSERTION AT AUTHORIZATION BEFORE BEGIN BINARY BIT BLOB BOOLEAN BOTH BREADTH BY CALL CASCADE CASCADED CASE CAST CATALOG CHAR CHARACTER CHECK CLASS CLOB CLOSE COLLATE COLLATION COLUMN COMMIT COMPLETION CONNECT CONNECTION CONSTRAINT CONSTRAINTS CONSTRUCTOR CONTINUE CORRESPONDING CREATE CROSS CUBE CURRENT CURRENT_DATE CURRENT_PATH CURRENT_ROLE CURRENT_TIME CURRENT_TIMESTAMP CURRENT_USER CURSOR CYCLE DATA DATE DAY DEALLOCATE DEC DECIMAL DECLARE DEFAULT DEFERRABLE DEFERRED DELETE DEPTH DEREF DESC DESCRIBE DESCRIPTOR DESTROY DESTRUCTOR DETERMINISTIC DICTIONARY DIAGNOSTICS DISCONNECT DISTINCT DOMAIN DOUBLE DROP DYNAMIC EACH ELSE END END-EXEC EQUALS ESCAPE EVERY EXCEPT EXCEPTION EXEC EXECUTE EXTERNAL FALSE FETCH FIRST FLOAT FOR FOREIGN FOUND FROM FREE FULL FUNCTION GENERAL GET GLOBAL GO GOTO GRANT GROUP GROUPING HAVING HOST HOUR IDENTITY IGNORE IMMEDIATE IN INDICATOR INITIALIZE INITIALLY INNER INOUT INPUT INSERT INT INTEGER INTERSECT INTERVAL INTO IS ISOLATION ITERATE JOIN KEY LANGUAGE LARGE LAST LATERAL LEADING LEFT LESS LEVEL LIKE LIMIT LOCAL LOCALTIME LOCALTIMESTAMP LOCATOR MAP MATCH MINUTE MODIFIES MODIFY MODULE MONTH NAMES NATIONAL NATURAL NCHAR NCLOB NEW NEXT NO NONE NOT NULL NUMERIC OBJECT OF OFF OLD ON ONLY OPEN OPERATION OPTION OR ORDER ORDINALITY OUT OUTER OUTPUT PAD PARAMETER PARAMETERS PARTIAL PATH POSTFIX PRECISION PREFIX PREORDER PREPARE PRESERVE PRIMARY PRIOR PRIVILEGES PROCEDURE PUBLIC READ READS REAL RECURSIVE REF REFERENCES REFERENCING RELATIVE RESTRICT RESULT RETURN RETURNS REVOKE RIGHT ROLE ROLLBACK ROLLUP ROUTINE ROW ROWS SAVEPOINT SCHEMA SCROLL SCOPE SEARCH SECOND SECTION SELECT SEQUENCE SESSION SESSION_USER SET SETS SIZE SMALLINT SOME SPACE SPECIFIC SPECIFICTYPE SQL SQLEXCEPTION SQLSTATE SQLWARNING START STATE STATEMENT STATIC STRUCTURE SYSTEM_USER TABLE TEMPORARY TERMINATE THAN THEN TIME TIMESTAMP TIMEZONE_HOUR TIMEZONE_MINUTE TO TRAILING TRANSACTION TRANSLATION TREAT TRIGGER TRUE UNDER UNION UNIQUE UNKNOWN UNNEST UPDATE USAGE USER USING VALUE VALUES VARCHAR VARIABLE VARYING VIEW WHEN WHENEVER WHERE WITH WITHOUT WORK WRITE YEAR ZONE</Keywords>
        </Language>

        <Language name="perl" ext="pl pm">
            <Keywords name="instre1">NULL __FILE__ __LINE__ __PACKAGE__ __DATA__ __END__ AUTOLOAD BEGIN CORE DESTROY END EQ GE GT INIT LE LT NE CHECK abs accept alarm and atan2 bind binmode bless caller chdir chmod chomp chop chown chr chroot close closedir cmp connect continue cos crypt dbmclose dbmopen defined delete die do dump each else elsif endgrent endhostent endnetent endprotoent endpwent endservent eof eq eval exec exists exit exp fcntl fileno flock for foreach fork format formline ge getc getgrent getgrgid getgrnam gethostbyaddr gethostbyname gethostent getlogin getnetbyaddr getnetbyname getnetent getpeername getpgrp getppid getpriority getprotobyname getprotobynumber getprotoent getpwent getpwnam getpwuid getservbyname getservbyport getservent getsockname getsockopt glob gmtime goto grep gt hex if index int ioctl join keys kill last lc lcfirst le length link listen local localtime lock log lstat lt m map mkdir msgctl msgget msgrcv msgsnd my ne next no not oct open opendir or ord our pack package pipe pop pos print printf prototype push q qq qr quotemeta qu qw qx rand read readdir readline readlink readpipe recv redo ref rename require reset return reverse rewinddir rindex rmdir s scalar seek seekdir select semctl semget semop send setgrent sethostent setnetent setpgrp setpriority setprotoent setpwent setservent setsockopt shift shmctl shmget shmread shmwrite shutdown sin sleep socket socketpair sort splice split sprintf sqrt srand stat study sub substr symlink syscall sysopen sysread sysseek system syswrite tell telldir tie tied time times tr truncate uc ucfirst umask undef unless unlink unpack unshift untie until use utime values vec wait waitpid wantarray warn while write x xor y</Keywords>
        </Language>

		<Language name="python" ext="py">
			<Keywords name="instre1">and assert break class continue def del elif else except exec finally for from global if import in is lambda None not or pass print raise return try while yield</Keywords>
		</Language>

	    <Language name="pascal" ext="pas inc">
            <Keywords name="instre1">and array asm begin case cdecl class const constructor default destructor div do downto else end end. except exit exports external far file finalization finally for function goto if implementation in index inherited initialization inline interface label library message mod near nil not object of on or out overload override packed pascal private procedure program property protected public published raise read record register repeat resourcestring safecall set shl shr stdcall stored string then threadvar to try type unit until uses var virtual while with write xor</Keywords>
        </Language>

	    <Language name="batch" ext="bat cmd nt">
            <Keywords name="instre1">rem set if exist errorlevel for in do break call chcp cd chdir choice cls country ctty date del erase dir echo exit goto loadfix loadhigh mkdir md move path pause prompt rename ren rmdir rd shift time type ver verify vol com con lpt nul</Keywords>
        </Language>

        <Language name="xml" ext="xml xsml">
        </Language>

        <Language name="asp" ext="asp">
			 <Keywords name="instre1">addhandler addressof andalso alias and ansi as assembly attribute auto begin boolean byref byte byval call case catch cbool cbyte cchar cdate cdec cdbl char cint class clng cobj compare const continue cshort csng cstr ctype currency date decimal declare default delegate dim do double each else elseif end enum erase error event exit explicit false finally for friend function get gettype global gosub goto handles if implement implements imports in inherits integer interface is let lib like load long loop lset me mid mod module mustinherit mustoverride mybase myclass namespace new next not nothing notinheritable notoverridable object on option optional or orelse overloads overridable overrides paramarray preserve private property protected public raiseevent readonly redim rem removehandler rset resume return select set shadows shared short single static step stop string structure sub synclock then throw to true try type typeof unload unicode until variant wend when while with withevents writeonly xor</Keywords>
        </Language>

		<Language name="ini" ext="ini">
        </Language>

        <Language name="nfo" ext="nfo">
        </Language>

        <Language name="makefile" ext="mak">
        </Language>

		<Language name="css" ext="css">
            <Keywords name="instre1">azimuth background background-attachment background-color background-image background-position background-repeat border border-bottom border-bottom-color border-bottom-style border-bottom-width border-collapse border-color border-left border-left-color border-left-style border-left-width border-right border-right-color border-right-style border-right-width border-spacing border-style border-top border-top-color border-top-style border-top-width border-width bottom caption-side clear clip color content counter-increment counter-reset cue cue-after cue-before cursor direction display elevation empty-cells float font font-family font-size font-size-adjust font-stretch font-style font-variant font-weight height left letter-spacing line-height list-style list-style-image list-style-position list-style-type margin margin-bottom margin-left margin-right margin-top marker-offset marks max-height max-width min-height min-width orphans outline outline-color outline-style outline-width overflow padding padding-bottom padding-left padding-right padding-top page page-break-after page-break-before page-break-inside pause pause-after pause-before pitch pitch-range play-during position quotes richness right size speak speak-header speak-numeral speak-ponctuation speech-rate stress table-layout text-align text-decoration text-indent text-shadow text-transform top unicode-bidi vertical-align visibility voice-family volume white-space widows width word-spacing z-index</Keywords>
        </Language>

        <Language name="lua" ext="lua">
            <Keywords name="instre1">and break do else elseif end false for function if in local nil not or repeat return then true until while</Keywords>
            <Keywords name="instre2">_VERSION assert collectgarbage dofile error gcinfo loadfile loadstring print tonumber tostring type unpack _ALERT _ERRORMESSAGE _INPUT _PROMPT _OUTPUT _STDERR _STDIN _STDOUT call dostring foreach foreachi getn globals newtype rawget rawset require sort tinsert tremove _G getfenv getmetatable ipairs loadlib next pairs pcall rawegal rawget rawset require setfenv setmetatable xpcall string table math coroutine io os debug</Keywords>
            <Keywords name="type1">abs acos asin atan atan2 ceil cos deg exp floor format frexp gsub ldexp log log10 max min mod rad random randomseed sin sqrt strbyte strchar strfind strlen strlower strrep strsub strupper tan string.byte string.char string.dump string.find string.len string.lower string.rep string.sub string.upper string.format string.gfind string.gsub table.concat table.foreach table.foreachi table.getn table.sort table.insert table.remove table.setn math.abs math.acos math.asin math.atan math.atan2 math.ceil math.cos math.deg math.exp math.floor math.frexp math.ldexp math.log math.log10 math.max math.min math.mod math.pi math.rad math.random math.randomseed math.sin math.sqrt math.tan</Keywords>
            <Keywords name="type2">openfile closefile readfrom writeto appendto remove rename flush seek tmpfile tmpname read write clock date difftime execute exit getenv setlocale time coroutine.create coroutine.resume coroutine.status coroutine.wrap coroutine.yield io.close io.flush io.input io.lines io.open io.output io.read io.tmpfile io.type io.write io.stdin io.stdout io.stderr os.clock os.date os.difftime os.execute os.exit os.getenv os.remove os.rename os.setlocale os.time os.tmpname</Keywords>
        </Language>

		<Language name="nsis" ext="nsi nsh">
            <Keywords name="instre1">Abort AddSize AllowRootDirInstall AutoCloseWindow BGGradient BrandingText BringToFront CRCCheck Call CallInstDLL Caption ClearErrors CompletedText ComponentText CopyFiles CreateDirectory CreateShortCut Delete DeleteINISec DeleteINIStr DeleteRegKey DeleteRegValue DetailPrint DetailsButtonText DirShow DirText DisabledBitmap EnabledBitmap EnumRegKey EnumRegValue Exch Exec ExecShell ExecWait ExpandEnvStrings File FileClose FileErrorText FileOpen FileRead FileReadByte FileSeek FileWrite FileWriteByte FindClose FindFirst FindNext FindWindow FlushINI Function FunctionEnd GetCurrentAddress GetDLLVersionLocal GetDLLVersion GetFileTime GetFileTimeLocal GetFullPathName GetFunctionAddress GetLabelAddress GetTempFileName Goto HideWindow Icon IfErrors IfFileExists IfRebootFlag InstProgressFlags InstType InstallButtonText InstallColors InstallDir InstallDirRegKey IntCmp IntCmpU IntFmt IntOp IsWindow LicenseData LicenseText MessageBox MiscButtonText Name OutFile Pop Push Quit RMDir ReadEnvStr ReadINIStr ReadRegDword ReadRegStr Reboot RegDLL Rename Return SearchPath Section SectionDivider SectionEnd SectionIn SendMessage SetAutoClose SetCompress SetDatablockOptimize SetDateSave SetDetailsPrint SetDetailsView SetErrors SetFileAttributes SetOutPath SetOverwrite SetRebootFlag ShowInstDetails ShowUninstDetails SilentInstall SilentUnInstall Sleep SpaceTexts StrCmp StrCpy StrLen SubCaption UnRegDLL UninstallButtonText UninstallCaption UninstallEXEName UninstallIcon UninstallSubCaption UninstallText WindowIcon WriteINIStr WriteRegBin WriteRegDword WriteRegExpandStr WriteRegStr WriteUninstaller SectionGetFlags SectionSetFlags SectionSetText SectionGetText LogText LogSet CreateFont SetShellVarContext SetStaticBkColor SetBrandingImage PluginDir SubSectionEnd SubSection CheckBitmap ChangeUI SetFont AddBrandingImage XPStyle LangString !define !undef !ifdef !ifndef !endif !else !macro !echo !warning !error !verbose !macroend !insertmacro !system !include !cd !packhdr</Keywords>
            <Keywords name="instre2">$0 $1 $2 $3 $4 $5 $6 $7 $8 $9 $R0 $R1 $R2 $R3 $R4 $R5 $R6 $R7 $R8 $R9 $CMDLINE $DESKTOP $EXEDIR $HWNDPARENT $INSTDIR $OUTDIR $PROGRAMFILES ${NSISDIR} $\n $\r $QUICKLAUNCH $SMPROGRAMS $SMSTARTUP $STARTMENU $SYSDIR $TEMP $WINDIR</Keywords>
            <Keywords name="type1">ARCHIVE FILE_ATTRIBUTE_ARCHIVE FILE_ATTRIBUTE_HIDDEN FILE_ATTRIBUTE_NORMAL FILE_ATTRIBUTE_OFFLINE FILE_ATTRIBUTE_READONLY FILE_ATTRIBUTE_SYSTEM FILE_ATTRIBUTE_TEMPORARY HIDDEN HKCC HKCR HKCU HKDD HKEY_CLASSES_ROOT HKEY_CURRENT_CONFIG HKEY_CURRENT_USER HKEY_DYN_DATA HKEY_LOCAL_MACHINE HKEY_PERFORMANCE_DATA HKEY_USERS HKLM HKPD HKU IDABORT IDCANCEL IDIGNORE IDNO IDOK IDRETRY IDYES MB_ABORTRETRYIGNORE MB_DEFBUTTON1 MB_DEFBUTTON2 MB_DEFBUTTON3 MB_DEFBUTTON4 MB_ICONEXCLAMATION MB_ICONINFORMATION MB_ICONQUESTION MB_ICONSTOP MB_OK MB_OKCANCEL MB_RETRYCANCEL MB_RIGHT MB_SETFOREGROUND MB_TOPMOST MB_YESNO MB_YESNOCANCEL NORMAL OFFLINE READONLY SW_SHOWMAXIMIZED SW_SHOWMINIMIZED SW_SHOWNORMAL SYSTEM TEMPORARY auto colored false force hide ifnewer nevershow normal off on show silent silentlog smooth true try</Keywords>
            <Keywords name="type2" />
        </Language>

		<Language name="tex" ext="tex">
        </Language>
		
		<Language name="actionscript" ext="as mx">
			<Keywords name="instre1">add for lt  tellTarget and function ne this break ge new typeof continue gt not var delete if on void do ifFrameLoaded onClipEvent while else in or with eq le return instanceof case default switch</Keywords>
			<Keywords name="type1">arguments constructor class dynamic false extends implements import interface intrinsic newline null private public super static true undefined Accessibility Arguments Array Boolean Button Camera ContextMenu ContextMenuItem CustomActions Color Date Error Function Key LoadVars LocalConnection Math Microphone Mouse MovieClip MovieClipLoader NetConnection NetStream Number PrintJob Object TextField StyleSheet TextFormat TextSnapshot SharedObject Selection Sound Stage String System XML XMLNode XMLSocket Void abs acos asin atan atan2 ceil cos exp floor log max min pow random round sin sqrt tan onActivity onChanged onClose onConnect onData onDragOut onDragOver onEnterFrame onID3 onKeyDown onKeyUp onKillFocus onLoad onLoadComplete onLoadError onLoadInit onLoadProgress onLoadStart onMouseDown onMouseMove onMouseUp onMouseWheel onPress onRelease onReleaseOutside onResize onRollOut onRollOver onScroller onSelect onSetFocus onSoundComplete onStatus onUnload onUpdate onXML addListener addPage addProperty addRequestHeader allowDomain allowInsecureDomain appendChild apply applyChanges asfunction attachAudio attachMovie attachSound attachVideo beginFill beginGradientFill call ceil charAt charCodeAt clear clearInterval cloneNode close concat connect copy cos createElement createEmptyMovieClip createTextField createTextNode curveTo domain duplicateMovieClip endFill escape eval evaluate exp findText floor fscommand flush fromCharCode get getAscii getBeginIndex getBounds getBytesLoaded getBytesTotal getCaretIndex getCode getCount getDate getDay getDepth getEndIndex getFocus getFontList getFullYear getHours getInstanceAtDepth getLocal getMilliseconds getMinutes getMonth getNewTextFormat getNextHighestDepth getPan getProggress getProperty getRGB getSeconds getSelected getSelectedText getSize getStyle getStyleNames getSWFVersion getText getTextExtent getTextFormat getTextSnapshot getTime getTimer getTimezoneOffset getTransform getURL getUTCDate getUTCDay getUTCFullYear getUTCHours getUTCMilliseconds getUTCMinutes getUTCMonth getUTCSeconds getVersion getVolume getYear globalToLocal gotoAndPlay gotoAndStop hasChildNodes hide hideBuiltInItems hitTest hitTestTextNearPos indexOf insertBefore install isActive isDown isToggled join lastIndexOf lineStyle lineTo list load loadClip loadMovie loadMovieNum loadSound loadVariables loadVariablesNum localToGlobal log mbchr mblength mbord mbsubstring min MMExecute moveTo nextFrame nextScene parseCSS parseFloat parseInt parseXML pause play pop pow prevScene print printAsBitmap printAsBitmapNum printNum push random registerClass removeListener removeMovieClip removeNode removeTextField replaceSel replaceText reverse round seek send sendAndLoad setBufferTime set setDate setFocus setFullYear setGain setHours setInterval setMask setMilliseconds setMinutes setMode setMonth setMotionLevel setNewTextFormat setPan setProperty setQuality setRate setRGB setSeconds setSelectColor setSelected setSelection setSilenceLevel setStyle setTextFormat setTime setTransform setUseEchoSuppression setUTCDate setUTCFullYear setUTCHours setUTCMilliseconds setUTCMinutes setUTCMonth setUTCSeconds setVolume setYear shift show showSettings silenceLevel silenceTimeout sin slice sort sortOn splice split sqrt start startDrag stop stopAllSounds stopDrag substr substring swapDepths tan toggleHighQuality toLowerCase toString toUpperCase trace unescape uninstall unLoadClip unloadMovie unloadMovieNum unshift unwatch updateAfterEvent updateProperties useEchoSuppression valueOf watch endinitclip include initclip __proto__ _accProps _alpha _currentframe _droptarget _focusrect _framesloaded _global _height _highquality _level _lockroot _name _parent _quality _root _rotation _soundbuftime _target _totalframes _url _visible _width _x _xmouse _xscale _y _ymouse _yscale activityLevel align allowDomain allowInsecureDomain attributes autoSize avHardwareDisable background backgroundColor bandwidth blockIndent bold border borderColor bottomScroll bufferLenght bufferTime builtInItems bullet bytesLoaded bytesTotal callee caller capabilities caption childNodes color condenseWhite contentType currentFps customItems data deblocking docTypeDecl duration embedFonts enabled exactSettings firstChild focusEnabled font fps gain globalStyleFormat hasAccessibility hasAudio hasAudioEncoder hasEmbeddedVideo hasMP3 hasPrinting hasScreenBroadcast hasScreenPlayback hasStreamingAudio hasStreamingVideo hasVideoEncoder height hitArea hscroll html htmlText indent index italic instanceof int ignoreWhite isDebugger isDown isFinite italic language lastChild leading leftMargin length loaded localFileReadDisable manufacturer maxChars maxhscroll maxscroll menu message motionLevel motionTimeout mouseWheelEnabled multiline muted name names NaN nextSibling nodeName nodeType nodeValue os parentNode password pixelAspectRatio playerType previousSibling prototype quality rate restrict resolutionX resolutionY rightMargin scaleMode screenColor screenDPI screenResolutionX screenResolutionY scroll selectable separatorBefore showMenu size smoothing status styleSheet tabChildren tabEnabled tabIndex tabStops target targetPath text textColor textHeight textWidth time trackAsMenu type underline url useCodepage useEchoSuppression useHandCursor variable version visible width wordWrap xmlDecl</Keywords>
		</Language>
		
		<Language name="bash" ext="sh bsh">
			<Keywords name="instre1">alias ar asa awk banner basename bash bc bdiff break bunzip2 bzip2 cal calendar case cat cc cd chmod cksum clear cmp col comm compress continue cp cpio crypt csplit ctags cut date dc dd declare deroff dev df diff diff3 dircmp dirname do done du echo ed egrep elif else env esac eval ex exec exit expand export expr false fc fgrep fi file find fmt fold for function functions getconf getopt getopts grep gres hash head help history iconv id if in integer jobs join kill local lc let line ln logname look ls m4 mail mailx make man mkdir more mt mv newgrp nl nm nohup ntps od pack paste patch pathchk pax pcat perl pg pr print printf ps pwd read readonly red return rev rm rmdir sed select set sh shift size sleep sort spell split start stop strings strip stty sum suspend sync tail tar tee test then time times touch tr trap true tsort tty type typeset ulimit umask unalias uname uncompress unexpand uniq unpack unset until uudecode uuencode vi vim vpax wait wc whence which while who wpaste wstart xargs zcat</Keywords>
		</Language>
		
		<Language name="fortran" ext="f for f90 f95 f2k">
            <Keywords name="instre1">access action advance allocatable allocate apostrophe assign assignment associate asynchronous backspace bind blank blockdata call case character class close common complex contains continue cycle data deallocate decimal delim default dimension direct do dowhile double doubleprecision else elseif elsewhere encoding end endassociate endblockdata enddo endfile endforall endfunction endif endinterface endmodule endprogram endselect endsubroutine endtype endwhere entry eor equivalence err errmsg exist exit external file flush fmt forall form format formatted function go goto id if implicit in include inout integer inquire intent interface intrinsic iomsg iolength iostat kind len logical module name named namelist nextrec nml none nullify number only open opened operator optional out pad parameter pass pause pending pointer pos position precision print private program protected public quote read readwrite real rec recl recursive result return rewind save select selectcase selecttype sequential sign size stat status stop stream subroutine target then to type unformatted unit use value volatile wait where while write</Keywords>
            <Keywords name="instre2">abs achar acos acosd adjustl adjustr aimag aimax0 aimin0 aint ajmax0 ajmin0 akmax0 akmin0 all allocated alog alog10 amax0 amax1 amin0 amin1 amod anint any asin asind associated atan atan2 atan2d atand bitest bitl bitlr bitrl bjtest bit_size bktest break btest cabs ccos cdabs cdcos cdexp cdlog cdsin cdsqrt ceiling cexp char clog cmplx conjg cos cosd cosh count cpu_time cshift csin csqrt dabs dacos dacosd dasin dasind datan datan2 datan2d datand date date_and_time dble dcmplx dconjg dcos dcosd dcosh dcotan ddim dexp dfloat dflotk dfloti dflotj digits dim dimag dint dlog dlog10 dmax1 dmin1 dmod dnint dot_product dprod dreal dsign dsin dsind dsinh dsqrt dtan dtand dtanh eoshift epsilon errsns exp exponent float floati floatj floatk floor fraction free huge iabs iachar iand ibclr ibits ibset ichar idate idim idint idnint ieor ifix iiabs iiand iibclr iibits iibset iidim iidint iidnnt iieor iifix iint iior iiqint iiqnnt iishft iishftc iisign ilen imax0 imax1 imin0 imin1 imod index inint inot int int1 int2 int4 int8 iqint iqnint ior ishft ishftc isign isnan izext jiand jibclr jibits jibset jidim jidint jidnnt jieor jifix jint jior jiqint jiqnnt jishft jishftc jisign jmax0 jmax1 jmin0 jmin1 jmod jnint jnot jzext kiabs kiand kibclr kibits kibset kidim kidint kidnnt kieor kifix kind kint kior kishft kishftc kisign kmax0 kmax1 kmin0 kmin1 kmod knint knot kzext lbound leadz len len_trim lenlge lge lgt lle llt log log10 logical lshift malloc matmul max max0 max1 maxexponent maxloc maxval merge min min0 min1 minexponent minloc minval mod modulo mvbits nearest nint not nworkers number_of_processors pack popcnt poppar precision present product radix random random_number random_seed range real repeat reshape rrspacing rshift scale scan secnds selected_int_kind selected_real_kind set_exponent shape sign sin sind sinh size sizeof sngl snglq spacing spread sqrt sum system_clock tan tand tanh tiny transfer transpose trim ubound unpack verify</Keywords>
            <Keywords name="type1">cdabs cdcos cdexp cdlog cdsin cdsqrt cotan cotand dcmplx dconjg dcotan dcotand decode dimag dll_export dll_import doublecomplex dreal dvchk encode find flen flush getarg getcharqq getcl getdat getenv gettim hfix ibchng identifier imag int1 int2 int4 intc intrup invalop iostat_msg isha ishc ishl jfix lacfar locking locnear map nargs nbreak ndperr ndpexc offset ovefl peekcharqq precfill prompt qabs qacos qacosd qasin qasind qatan qatand qatan2 qcmplx qconjg qcos qcosd qcosh qdim qexp qext qextd qfloat qimag qlog qlog10 qmax1 qmin1 qmod qreal qsign qsin qsind qsinh qsqrt qtan qtand qtanh ran rand randu rewrite segment setdat settim system timer undfl unlock union val virtual volatile zabs zcos zexp zlog zsin zsqrt</Keywords>
        </Language>
    </Languages>
</NotepadPlus>
