<?xml version="1.0" encoding="utf-8" standalone="yes"?>
<!--
 * This file is part of the Code::Blocks IDE and licensed under the GNU General Public License, version 3
 * http://www.gnu.org/licenses/gpl-3.0.html
 *
 * Copyright: 2010, 2011 Jens Lody
 *
 * $Revision: 7600 $
 * $Id: manifest.xml 7600 2011-11-20 10:44:50Z mortenmacfly $
 * $HeadURL: svn+ssh://killerbot@svn.code.sf.net/p/codeblocks/code/branches/release-13.12/src/plugins/contrib/ReopenEditor/manifest.xml $
 -->
<CodeBlocks_plugin_manifest_file>
  <SdkVersion major="1"
              minor="11"
              release="12" />
  <Plugin name="ReopenEditor">
    <Value title="ReopenEditor" />
    <Value version="0.5" />
    <Value description="Reopens a closed editor via hotkey, menu-item or from a list." />
    <Value author="Jens Lody" />
    <Value authorEmail="jens@codeblocks.org" />
    <Value authorWebsite="apt.jenslody.de" />
    <Value thanksTo="The Code::Blocks team" />
    <Value license="GPL" />
  </Plugin>
</CodeBlocks_plugin_manifest_file>
