<project xmlns="http://maven.apache.org/POM/4.0.0" xmlns:xsi="http://www.w3.org/2001/XMLSchema-instance" xsi:schemaLocation="http://maven.apache.org/POM/4.0.0 http://maven.apache.org/xsd/maven-4.0.0.xsd">
	<modelVersion>4.0.0</modelVersion>
	<parent>
		<groupId>com.esotericsoftware</groupId>
		<artifactId>kryo-parent</artifactId>
		<version>3.0.0</version>
		<relativePath>./pom.xml</relativePath>
	</parent>
	<artifactId>kryo-shaded</artifactId>
	<packaging>bundle</packaging>
	<name>Kryo Shaded</name>
	<description>Fast, efficient Java serialization. This contains the shaded reflectasm jar to prevent conflicts with other versions of asm.</description>

	<dependencies>
		<dependency>
			<groupId>com.esotericsoftware</groupId>
			<artifactId>reflectasm</artifactId>
			<classifier>shaded</classifier>
			<exclusions>
				<exclusion>
					<groupId>org.ow2.asm</groupId>
					<artifactId>asm</artifactId>
				</exclusion>
			</exclusions>
		</dependency>
	</dependencies>

	<build>
		<plugins>
			<!-- Skip clean, we can use compiled classes from main -->
			<plugin>
				<artifactId>maven-clean-plugin</artifactId>
				<version>2.5</version>
				<configuration>
					<skip>true</skip>
				</configuration>
			</plugin>
			<!-- Skip tests for shaded jar - they already ran for main -->
			<plugin>
				<groupId>org.apache.maven.plugins</groupId>
				<artifactId>maven-surefire-plugin</artifactId>
				<version>2.17</version>
				<configuration>
					<skipTests>true</skipTests>
				</configuration>
			</plugin>
			<plugin>
				<groupId>org.apache.maven.plugins</groupId>
				<artifactId>maven-shade-plugin</artifactId>
				<version>2.1</version>
				<configuration>
					<!-- remove all classes of dependencies that are not used by the project -->
					<minimizeJar>true</minimizeJar>
					<shadedArtifactAttached>false</shadedArtifactAttached>
					<artifactSet>
						<includes>
							<include>com.esotericsoftware:reflectasm:shaded</include>
						</includes>
					</artifactSet>
				</configuration>
				<executions>
					<execution>
						<phase>package</phase>
						<goals>
							<goal>shade</goal>
						</goals>
					</execution>
				</executions>
			</plugin>
			<plugin>
				<groupId>org.apache.felix</groupId>
				<artifactId>maven-bundle-plugin</artifactId>
				<version>2.4.0</version>
				<extensions>true</extensions>
				<configuration>
					<instructions>
						<Import-Package><![CDATA[
						COM.jrockit*;resolution:=optional,
						COM.newmonics*;resolution:=optional,
						jrockit*;resolution:=optional,
						sun.reflect;resolution:=optional,
						sun.misc;resolution:=optional,
						sun.nio.ch;resolution:=optional,
						*
						]]>
						</Import-Package>
						<Export-Package>com.esotericsoftware.kryo*,com.esotericsoftware.reflectasm*</Export-Package>
					</instructions>
				</configuration>
			</plugin>
		</plugins>
	</build>
</project>
